ANO,DEPARTAMENTO,CODIGO MUNICIPIO,MUNICIPIO,META,DOSIS APLICADAS,COBERTURA
2009,ANTIOQUIA,5002.0,ABEJORRAL,364,300,82.4
2009,ANTIOQUIA,5004.0,ABRIAQUI,40,28,70.0
2009,ANTIOQUIA,5021.0,ALEJANDRIA,51,53,103.9
2009,ANTIOQUIA,5030.0,AMAGA,558,380,68.1
2009,ANTIOQUIA,5031.0,AMALFI,480,413,86.0
2009,ANTIOQUIA,5034.0,ANDES,862,596,69.1
2009,ANTIOQUIA,5036.0,ANGELOPOLIS,129,92,71.3
2009,ANTIOQUIA,5038.0,ANGOSTURA,294,189,64.3
2009,ANTIOQUIA,5040.0,ANORI,325,326,100.3
2009,ANTIOQUIA,5044.0,ANZA,164,132,80.5
2009,ANTIOQUIA,5045.0,APARTADO,3866,2891,74.8
2009,ANTIOQUIA,5051.0,ARBOLETES,885,537,60.7
2009,ANTIOQUIA,5055.0,ARGELIA,236,181,76.7
2009,ANTIOQUIA,5059.0,ARMENIA,93,71,76.3
2009,ANTIOQUIA,5079.0,BARBOSA,904,548,60.6
2009,ANTIOQUIA,5088.0,BELLO,6957,5350,76.9
2009,ANTIOQUIA,5086.0,BELMIRA,143,83,58.0
2009,ANTIOQUIA,5091.0,BETANIA,204,170,83.3
2009,ANTIOQUIA,5093.0,BETULIA,375,289,77.1
2009,ANTIOQUIA,5107.0,BRICEÑO,188,176,93.6
2009,ANTIOQUIA,5113.0,BURITICA,150,141,94.0
2009,ANTIOQUIA,5120.0,CACERES,961,885,92.1
2009,ANTIOQUIA,5125.0,CAICEDO,202,128,63.4
2009,ANTIOQUIA,5129.0,CALDAS,1115,950,85.2
2009,ANTIOQUIA,5134.0,CAMPAMENTO,194,161,83.0
2009,ANTIOQUIA,5142.0,CARACOLI,94,73,77.7
2009,ANTIOQUIA,5145.0,CARAMANTA,100,56,56.0
2009,ANTIOQUIA,5147.0,CAREPA,1241,758,61.1
2009,ANTIOQUIA,5150.0,CAROLINA,68,44,64.7
2009,ANTIOQUIA,5154.0,CAUCASIA,2245,1895,84.4
2009,ANTIOQUIA,5138.0,CAÑASGORDAS,379,207,54.6
2009,ANTIOQUIA,5190.0,CISNEROS,166,130,78.3
2009,ANTIOQUIA,5101.0,CIUDAD BOLIVAR,569,461,81.0
2009,ANTIOQUIA,5197.0,COCORNA,273,215,78.8
2009,ANTIOQUIA,5206.0,CONCEPCION,64,59,92.2
2009,ANTIOQUIA,5209.0,CONCORDIA,471,303,64.3
2009,ANTIOQUIA,5212.0,COPACABANA,890,612,68.8
2009,ANTIOQUIA,5234.0,DABEIBA,628,433,68.9
2009,ANTIOQUIA,5240.0,EBEJICO,243,134,55.1
2009,ANTIOQUIA,5250.0,EL BAGRE,1169,1089,93.2
2009,ANTIOQUIA,5148.0,EL CARMEN DE VIBORAL,926,523,56.5
2009,ANTIOQUIA,5697.0,EL SANTUARIO,457,516,112.9
2009,ANTIOQUIA,5264.0,ENTRERRIOS,180,165,91.7
2009,ANTIOQUIA,5266.0,ENVIGADO,2780,1660,59.7
2009,ANTIOQUIA,5282.0,FREDONIA,392,376,95.9
2009,ANTIOQUIA,5284.0,FRONTINO,434,417,96.1
2009,ANTIOQUIA,5306.0,GIRALDO,82,73,89.0
2009,ANTIOQUIA,5308.0,GIRARDOTA,859,499,58.1
2009,ANTIOQUIA,5310.0,GOMEZ PLATA,220,131,59.5
2009,ANTIOQUIA,5313.0,GRANADA,184,125,67.9
2009,ANTIOQUIA,5315.0,GUADALUPE,111,115,103.6
2009,ANTIOQUIA,5318.0,GUARNE,866,484,55.9
2009,ANTIOQUIA,5321.0,GUATAPE,96,66,68.8
2009,ANTIOQUIA,5347.0,HELICONIA,129,70,54.3
2009,ANTIOQUIA,5353.0,HISPANIA,85,75,88.2
2009,ANTIOQUIA,5364.0,JARDIN,299,203,67.9
2009,ANTIOQUIA,5368.0,JERICO,227,146,64.3
2009,ANTIOQUIA,5376.0,LA CEJA,874,631,72.2
2009,ANTIOQUIA,5380.0,LA ESTRELLA,987,376,38.1
2009,ANTIOQUIA,5390.0,LA PINTADA,129,113,87.6
2009,ANTIOQUIA,5400.0,LA UNION,379,285,75.2
2009,ANTIOQUIA,5411.0,LIBORINA,155,162,104.5
2009,ANTIOQUIA,5425.0,MACEO,136,128,94.1
2009,ANTIOQUIA,5440.0,MARINILLA,1000,632,63.2
2009,ANTIOQUIA,5001.0,MEDELLIN,28948,28650,99.0
2009,ANTIOQUIA,5467.0,MONTEBELLO,129,82,63.6
2009,ANTIOQUIA,5475.0,MURINDO,86,89,103.5
2009,ANTIOQUIA,5480.0,MUTATA,427,407,95.3
2009,ANTIOQUIA,5483.0,NARIÑO,361,164,45.4
2009,ANTIOQUIA,5495.0,NECHI,531,412,77.6
2009,ANTIOQUIA,5490.0,NECOCLI,1389,1419,102.2
2009,ANTIOQUIA,5501.0,OLAYA,66,46,69.7
2009,ANTIOQUIA,5543.0,PEQUE,222,158,71.2
2009,ANTIOQUIA,5541.0,PEÑOL,328,213,64.9
2009,ANTIOQUIA,5576.0,PUEBLORRICO,164,122,74.4
2009,ANTIOQUIA,5579.0,PUERTO BERRIO,776,825,106.3
2009,ANTIOQUIA,5585.0,PUERTO NARE,377,272,72.1
2009,ANTIOQUIA,5591.0,PUERTO TRIUNFO,388,308,79.4
2009,ANTIOQUIA,5604.0,REMEDIOS,532,448,84.2
2009,ANTIOQUIA,5607.0,RETIRO,335,177,52.8
2009,ANTIOQUIA,5615.0,RIONEGRO,1903,1506,79.1
2009,ANTIOQUIA,5628.0,SABANALARGA,201,148,73.6
2009,ANTIOQUIA,5631.0,SABANETA,499,389,78.0
2009,ANTIOQUIA,5642.0,SALGAR,407,285,70.0
2009,ANTIOQUIA,5649.0,SAN CARLOS,327,184,56.3
2009,ANTIOQUIA,5652.0,SAN FRANCISCO,124,135,108.9
2009,ANTIOQUIA,5656.0,SAN JERONIMO,239,154,64.4
2009,ANTIOQUIA,5658.0,SAN JOSE DE LA MONTAÑA,80,75,93.8
2009,ANTIOQUIA,5659.0,SAN JUAN DE URABA,699,523,74.8
2009,ANTIOQUIA,5660.0,SAN LUIS,242,221,91.3
2009,ANTIOQUIA,5664.0,SAN PEDRO,492,389,79.1
2009,ANTIOQUIA,5665.0,SAN PEDRO DE URABA,820,794,96.8
2009,ANTIOQUIA,5667.0,SAN RAFAEL,232,219,94.4
2009,ANTIOQUIA,5670.0,SAN ROQUE,383,368,96.1
2009,ANTIOQUIA,5674.0,SAN VICENTE,307,253,82.4
2009,ANTIOQUIA,5686.0,SANTA ROSA DE OSOS,617,597,96.8
2009,ANTIOQUIA,5042.0,SANTAFE DE ANTIOQUIA,499,341,68.3
2009,ANTIOQUIA,5690.0,SANTO DOMINGO,225,162,72.0
2009,ANTIOQUIA,5736.0,SEGOVIA,840,667,79.4
2009,ANTIOQUIA,5756.0,SONSON,649,641,98.8
2009,ANTIOQUIA,5761.0,SOPETRAN,259,171,66.0
2009,ANTIOQUIA,5789.0,TAMESIS,249,192,77.1
2009,ANTIOQUIA,5790.0,TARAZA,1081,858,79.4
2009,ANTIOQUIA,5792.0,TARSO,159,68,42.8
2009,ANTIOQUIA,5809.0,TITIRIBI,218,120,55.0
2009,ANTIOQUIA,5819.0,TOLEDO,157,109,69.4
2009,ANTIOQUIA,5837.0,TURBO,3521,2549,72.4
2009,ANTIOQUIA,5842.0,URAMITA,182,148,81.3
2009,ANTIOQUIA,5847.0,URRAO,907,467,51.5
2009,ANTIOQUIA,5854.0,VALDIVIA,502,478,95.2
2009,ANTIOQUIA,5856.0,VALPARAISO,123,67,54.5
2009,ANTIOQUIA,5858.0,VEGACHI,249,195,78.3
2009,ATLANTICO,8078.0,BARANOA,1039,1058,101.8
2009,ATLANTICO,8001.0,BARRANQUILLA,20345,22737,111.8
2009,ATLANTICO,8137.0,CAMPO DE LA CRUZ,373,366,98.1
2009,ATLANTICO,8141.0,CANDELARIA,253,267,105.5
2009,ATLANTICO,8296.0,GALAPA,768,766,99.7
2009,ATLANTICO,8372.0,JUAN DE ACOSTA,299,293,98.0
2009,ATLANTICO,8421.0,LURUACO,553,557,100.7
2009,ATLANTICO,8433.0,MALAMBO,2334,2321,99.4
2009,ATLANTICO,8436.0,MANATI,281,276,98.2
2009,ATLANTICO,8520.0,PALMAR DE VARELA,451,486,107.8
2009,ATLANTICO,8549.0,PIOJO,113,111,98.2
2009,ATLANTICO,8558.0,POLONUEVO,279,290,103.9
2009,ATLANTICO,8560.0,PONEDERA,457,459,100.4
2009,ATLANTICO,8573.0,PUERTO COLOMBIA,468,496,106.0
2009,ATLANTICO,8606.0,REPELON,558,565,101.3
2009,ATLANTICO,8634.0,SABANAGRANDE,530,536,101.1
2009,ATLANTICO,8638.0,SABANALARGA,1962,1912,97.5
2009,ATLANTICO,8675.0,SANTA LUCIA,254,249,98.0
2009,ATLANTICO,8685.0,SANTO TOMAS,424,419,98.8
2009,ATLANTICO,8758.0,SOLEDAD,10366,10259,99.0
2009,ATLANTICO,8770.0,SUAN,168,165,98.2
2009,ATLANTICO,8832.0,TUBARA,209,205,98.1
2009,ATLANTICO,8849.0,USIACURI,184,179,97.3
2009,NORTE DE SANTANDER,54003.0,ABREGO,869,914,105.2
2009,NORTE DE SANTANDER,54051.0,ARBOLEDAS,191,186,97.4
2009,NORTE DE SANTANDER,54099.0,BOCHALEMA,135,139,103.0
2009,NORTE DE SANTANDER,54109.0,BUCARASICA,104,117,112.5
2009,NORTE DE SANTANDER,54128.0,CACHIRA,253,270,106.7
2009,NORTE DE SANTANDER,54125.0,CACOTA,47,37,78.7
2009,NORTE DE SANTANDER,54172.0,CHINACOTA,302,291,96.4
2009,NORTE DE SANTANDER,54174.0,CHITAGA,216,168,77.8
2009,NORTE DE SANTANDER,54206.0,CONVENCION,336,398,118.5
2009,NORTE DE SANTANDER,54001.0,CUCUTA,11298,11730,103.8
2009,NORTE DE SANTANDER,54223.0,CUCUTILLA,191,104,54.5
2009,NORTE DE SANTANDER,54239.0,DURANIA,72,65,90.3
2009,NORTE DE SANTANDER,54245.0,EL CARMEN,367,392,106.8
2009,NORTE DE SANTANDER,54250.0,EL TARRA,296,332,112.2
2009,NORTE DE SANTANDER,54261.0,EL ZULIA,486,498,102.5
2009,NORTE DE SANTANDER,54313.0,GRAMALOTE,135,99,73.3
2009,NORTE DE SANTANDER,54344.0,HACARI,292,278,95.2
2009,NORTE DE SANTANDER,54347.0,HERRAN,61,52,85.2
2009,NORTE DE SANTANDER,54385.0,LA ESPERANZA,308,275,89.3
2009,NORTE DE SANTANDER,54398.0,LA PLAYA,170,195,114.7
2009,NORTE DE SANTANDER,54377.0,LABATECA,124,80,64.5
2009,NORTE DE SANTANDER,54405.0,LOS PATIOS,1276,1142,89.5
2009,NORTE DE SANTANDER,54418.0,LOURDES,72,82,113.9
2009,NORTE DE SANTANDER,54480.0,MUTISCUA,74,71,95.9
2009,NORTE DE SANTANDER,54498.0,OCAÑA,1675,1998,119.3
2009,NORTE DE SANTANDER,54518.0,PAMPLONA,1008,861,85.4
2009,NORTE DE SANTANDER,54520.0,PAMPLONITA,100,84,84.0
2009,NORTE DE SANTANDER,54553.0,PUERTO SANTANDER,183,216,118.0
2009,NORTE DE SANTANDER,54599.0,RAGONVALIA,117,108,92.3
2009,NORTE DE SANTANDER,54660.0,SALAZAR,195,195,100.0
2009,NORTE DE SANTANDER,54670.0,SAN CALIXTO,364,378,103.8
2009,NORTE DE SANTANDER,54673.0,SAN CAYETANO,105,102,97.1
2009,NORTE DE SANTANDER,54680.0,SANTIAGO,59,46,78.0
2009,NORTE DE SANTANDER,54720.0,SARDINATA,567,486,85.7
2009,NORTE DE SANTANDER,54743.0,SILOS,103,100,97.1
2009,NORTE DE SANTANDER,54800.0,TEORAMA,546,521,95.4
2009,NORTE DE SANTANDER,54810.0,TIBU,948,952,100.4
2009,NORTE DE SANTANDER,54820.0,TOLEDO,359,284,79.1
2009,NORTE DE SANTANDER,54871.0,VILLA CARO,121,100,82.6
2009,NORTE DE SANTANDER,54874.0,VILLA DEL ROSARIO,1501,1435,95.6
2009,SANTANDER,68013.0,AGUADA,39,26,66.7
2009,SANTANDER,68020.0,ALBANIA,101,54,53.5
2009,SANTANDER,68051.0,ARATOCA,159,134,84.3
2009,SANTANDER,68077.0,BARBOSA,506,409,80.8
2009,SANTANDER,68079.0,BARICHARA,139,114,82.0
2009,SANTANDER,68081.0,BARRANCABERMEJA,3306,3810,115.2
2009,SANTANDER,68092.0,BETULIA,115,67,58.3
2009,SANTANDER,68101.0,BOLIVAR,285,139,48.8
2009,SANTANDER,68001.0,BUCARAMANGA,7553,9385,124.3
2009,SANTANDER,68121.0,CABRERA,44,25,56.8
2009,SANTANDER,68132.0,CALIFORNIA,37,30,81.1
2009,SANTANDER,68147.0,CAPITANEJO,102,90,88.2
2009,SANTANDER,68152.0,CARCASI,85,65,76.5
2009,SANTANDER,68160.0,CEPITA,41,26,63.4
2009,SANTANDER,68162.0,CERRITO,116,66,56.9
2009,SANTANDER,68167.0,CHARALA,210,195,92.9
2009,SANTANDER,68169.0,CHARTA,49,27,55.1
2009,SANTANDER,68176.0,CHIMA,47,41,87.2
2009,SANTANDER,68179.0,CHIPATA,92,46,50.0
2009,SANTANDER,68190.0,CIMITARRA,883,768,87.0
2009,SANTANDER,68207.0,CONCEPCION,102,83,81.4
2009,SANTANDER,68209.0,CONFINES,51,43,84.3
2009,SANTANDER,68211.0,CONTRATACION,87,48,55.2
2009,SANTANDER,68217.0,COROMORO,148,74,50.0
2009,SANTANDER,68229.0,CURITI,218,139,63.8
2009,SANTANDER,68235.0,EL CARMEN DE CHUCURI,376,297,79.0
2009,SANTANDER,68245.0,EL GUACAMAYO,39,24,61.5
2009,SANTANDER,68250.0,EL PEÑON,137,94,68.6
2009,SANTANDER,68255.0,EL PLAYON,284,257,90.5
2009,SANTANDER,68264.0,ENCINO,58,53,91.4
2009,SANTANDER,68266.0,ENCISO,64,50,78.1
2009,SANTANDER,68271.0,FLORIAN,138,114,82.6
2009,SANTANDER,68276.0,FLORIDABLANCA,3876,3970,102.4
2009,SANTANDER,68296.0,GALAN,52,54,103.8
2009,SANTANDER,68298.0,GAMBITA,109,59,54.1
2009,SANTANDER,68307.0,GIRON,2697,2369,87.8
2009,SANTANDER,68318.0,GUACA,125,105,84.0
2009,SANTANDER,68320.0,GUADALUPE,111,71,64.0
2009,SANTANDER,68322.0,GUAPOTA,45,34,75.6
2009,SANTANDER,68324.0,GUAVATA,68,42,61.8
2009,SANTANDER,68344.0,HATO,37,35,94.6
2009,SANTANDER,68368.0,JESUS MARIA,69,41,59.4
2009,SANTANDER,68370.0,JORDAN,23,20,87.0
2009,SANTANDER,68377.0,LA BELLEZA,175,122,69.7
2009,SANTANDER,68397.0,LA PAZ,97,59,60.8
2009,SANTANDER,68385.0,LANDAZURI,347,271,78.1
2009,SANTANDER,68406.0,LEBRIJA,679,654,96.3
2009,SANTANDER,68418.0,LOS SANTOS,229,208,90.8
2009,SANTANDER,68425.0,MACARAVITA,42,38,90.5
2009,SANTANDER,68432.0,MALAGA,310,293,94.5
2009,SANTANDER,68444.0,MATANZA,104,76,73.1
2009,SANTANDER,68464.0,MOGOTES,239,174,72.8
2009,SANTANDER,68468.0,MOLAGAVITA,98,60,61.2
2009,SANTANDER,68498.0,OCAMONTE,97,70,72.2
2009,SANTANDER,68500.0,OIBA,241,142,58.9
2009,SANTANDER,68502.0,ONZAGA,120,59,49.2
2009,SANTANDER,68522.0,PALMAR,55,15,27.3
2009,SANTANDER,68524.0,PALMAS DEL SOCORRO,46,20,43.5
2009,SANTANDER,68533.0,PARAMO,89,56,62.9
2009,SANTANDER,68547.0,PIEDECUESTA,2246,1922,85.6
2009,SANTANDER,68549.0,PINCHOTE,86,45,52.3
2009,SANTANDER,68572.0,PUENTE NACIONAL,228,155,68.0
2009,SANTANDER,68573.0,PUERTO PARRA,175,114,65.1
2009,SANTANDER,68575.0,PUERTO WILCHES,733,610,83.2
2009,SANTANDER,68615.0,RIONEGRO,573,479,83.6
2009,SANTANDER,68655.0,SABANA DE TORRES,385,563,146.2
2009,SANTANDER,68669.0,SAN ANDRES,150,126,84.0
2009,SANTANDER,68673.0,SAN BENITO,78,30,38.5
2009,SANTANDER,68679.0,SAN GIL,659,871,132.2
2009,SANTANDER,68682.0,SAN JOAQUIN,47,49,104.3
2009,SANTANDER,68684.0,SAN JOSE DE MIRANDA,90,55,61.1
2009,SANTANDER,68686.0,SAN MIGUEL,45,22,48.9
2009,SANTANDER,68689.0,SAN VICENTE DE CHUCURI,676,487,72.0
2009,SANTANDER,68705.0,SANTA BARBARA,46,19,41.3
2009,SANTANDER,68720.0,SANTA HELENA DEL OPON,105,75,71.4
2009,SANTANDER,68745.0,SIMACOTA,177,139,78.5
2009,SANTANDER,68755.0,SOCORRO,503,450,89.5
2009,SANTANDER,68770.0,SUAITA,191,174,91.1
2009,SANTANDER,68773.0,SUCRE,187,148,79.1
2009,SANTANDER,68780.0,SURATA,61,52,85.2
2009,SANTANDER,68820.0,TONA,131,112,85.5
2009,SANTANDER,68855.0,VALLE DE SAN JOSE,86,70,81.4
2009,SANTANDER,68861.0,VELEZ,445,227,51.0
2009,SANTANDER,68867.0,VETAS,54,17,31.5
2009,SANTANDER,68872.0,VILLANUEVA,103,99,96.1
2009,SANTANDER,68895.0,ZAPATOCA,157,142,90.4
2009,VALLE DEL CAUCA,76020.0,ALCALA,353,193,54.7
2009,VALLE DEL CAUCA,76036.0,ANDALUCIA,289,251,86.9
2009,VALLE DEL CAUCA,76041.0,ANSERMANUEVO,403,369,91.6
2009,VALLE DEL CAUCA,76054.0,ARGELIA,133,79,59.4
2009,VALLE DEL CAUCA,76100.0,BOLIVAR,299,266,89.0
2009,VALLE DEL CAUCA,76113.0,BUGALAGRANDE,345,241,69.9
2009,VALLE DEL CAUCA,76122.0,CAICEDONIA,499,305,61.1
2009,VALLE DEL CAUCA,76130.0,CANDELARIA,1220,934,76.6
2009,VALLE DEL CAUCA,76147.0,CARTAGO,2095,1698,81.1
2009,VALLE DEL CAUCA,76233.0,DAGUA,630,507,80.5
2009,VALLE DEL CAUCA,76243.0,EL AGUILA,209,172,82.3
2009,VALLE DEL CAUCA,76246.0,EL CAIRO,192,112,58.3
2009,VALLE DEL CAUCA,76248.0,EL CERRITO,899,909,101.1
2009,VALLE DEL CAUCA,76250.0,EL DOVIO,181,154,85.1
2009,VALLE DEL CAUCA,76275.0,FLORIDA,1065,994,93.3
2009,VALLE DEL CAUCA,76306.0,GINEBRA,320,221,69.1
2009,VALLE DEL CAUCA,76318.0,GUACARI,548,516,94.2
2009,VALLE DEL CAUCA,76364.0,JAMUNDI,1871,1350,72.2
2009,VALLE DEL CAUCA,76377.0,LA CUMBRE,180,117,65.0
2009,VALLE DEL CAUCA,76400.0,LA UNION,592,425,71.8
2009,VALLE DEL CAUCA,76403.0,LA VICTORIA,205,166,81.0
2009,VALLE DEL CAUCA,76497.0,OBANDO,293,245,83.6
2009,VALLE DEL CAUCA,76520.0,PALMIRA,4264,3063,71.8
2009,VALLE DEL CAUCA,76563.0,PRADERA,1054,811,76.9
2009,VALLE DEL CAUCA,76606.0,RESTREPO,283,249,88.0
2009,VALLE DEL CAUCA,76616.0,RIOFRIO,291,213,73.2
2009,VALLE DEL CAUCA,76622.0,ROLDANILLO,573,518,90.4
2009,VALLE DEL CAUCA,76670.0,SAN PEDRO,271,211,77.9
2009,VALLE DEL CAUCA,76736.0,SEVILLA,793,561,70.7
2009,VALLE DEL CAUCA,76823.0,TORO,299,226,75.6
2009,VALLE DEL CAUCA,76828.0,TRUJILLO,372,255,68.5
2009,VALLE DEL CAUCA,76834.0,TULUA,3194,2318,72.6
2009,VALLE DEL CAUCA,76845.0,ULLOA,103,92,89.3
2009,VALLE DEL CAUCA,76863.0,VERSALLES,130,112,86.2
2009,VALLE DEL CAUCA,76869.0,VIJES,175,156,89.1
2009,VALLE DEL CAUCA,76890.0,YOTOCO,254,225,88.6
2009,VALLE DEL CAUCA,76892.0,YUMBO,1730,1623,93.8
2009,VALLE DEL CAUCA,76895.0,ZARZAL,728,650,89.3
2010,ANTIOQUIA,5002.0,ABEJORRAL,359,261,72.7
2010,ANTIOQUIA,5004.0,ABRIAQUI,40,23,57.5
2010,ANTIOQUIA,5021.0,ALEJANDRIA,54,50,92.6
2010,ANTIOQUIA,5030.0,AMAGA,548,343,62.6
2010,ANTIOQUIA,5031.0,AMALFI,486,424,87.2
2010,ANTIOQUIA,5034.0,ANDES,836,494,59.1
2010,ANTIOQUIA,5036.0,ANGELOPOLIS,133,67,50.4
2010,ANTIOQUIA,5038.0,ANGOSTURA,298,151,50.7
2010,ANTIOQUIA,5040.0,ANORI,337,323,95.8
2010,ANTIOQUIA,5044.0,ANZA,160,121,75.6
2010,ANTIOQUIA,5045.0,APARTADO,3744,2228,59.5
2010,ANTIOQUIA,5051.0,ARBOLETES,886,461,52.0
2010,ANTIOQUIA,5055.0,ARGELIA,229,140,61.1
2010,ANTIOQUIA,5059.0,ARMENIA,89,45,50.6
2010,ANTIOQUIA,5079.0,BARBOSA,920,532,57.8
2010,ANTIOQUIA,5088.0,BELLO,7101,4777,67.3
2010,ANTIOQUIA,5086.0,BELMIRA,149,89,59.7
2010,ANTIOQUIA,5091.0,BETANIA,195,164,84.1
2010,ANTIOQUIA,5093.0,BETULIA,357,299,83.8
2010,ANTIOQUIA,5107.0,BRICEÑO,187,176,94.1
2010,ANTIOQUIA,5113.0,BURITICA,148,104,70.3
2010,ANTIOQUIA,5120.0,CACERES,907,810,89.3
2010,ANTIOQUIA,5125.0,CAICEDO,206,117,56.8
2010,ANTIOQUIA,5129.0,CALDAS,1142,881,77.1
2010,ANTIOQUIA,5134.0,CAMPAMENTO,200,134,67.0
2010,ANTIOQUIA,5142.0,CARACOLI,96,73,76.0
2010,ANTIOQUIA,5145.0,CARAMANTA,93,68,73.1
2010,ANTIOQUIA,5147.0,CAREPA,1242,932,75.0
2010,ANTIOQUIA,5150.0,CAROLINA,64,48,75.0
2010,ANTIOQUIA,5154.0,CAUCASIA,2275,1667,73.3
2010,ANTIOQUIA,5138.0,CAÑASGORDAS,385,191,49.6
2010,ANTIOQUIA,5190.0,CISNEROS,164,117,71.3
2010,ANTIOQUIA,5101.0,CIUDAD BOLIVAR,552,473,85.7
2010,ANTIOQUIA,5197.0,COCORNA,275,202,73.5
2010,ANTIOQUIA,5206.0,CONCEPCION,64,53,82.8
2010,ANTIOQUIA,5209.0,CONCORDIA,447,260,58.2
2010,ANTIOQUIA,5212.0,COPACABANA,914,544,59.5
2010,ANTIOQUIA,5234.0,DABEIBA,612,451,73.7
2010,ANTIOQUIA,5240.0,EBEJICO,245,145,59.2
2010,ANTIOQUIA,5250.0,EL BAGRE,1133,1082,95.5
2010,ANTIOQUIA,5148.0,EL CARMEN DE VIBORAL,911,498,54.7
2010,ANTIOQUIA,5697.0,EL SANTUARIO,461,489,106.1
2010,ANTIOQUIA,5264.0,ENTRERRIOS,177,102,57.6
2010,ANTIOQUIA,5266.0,ENVIGADO,2866,1376,48.0
2010,ANTIOQUIA,5282.0,FREDONIA,387,360,93.0
2010,ANTIOQUIA,5284.0,FRONTINO,422,391,92.7
2010,ANTIOQUIA,5306.0,GIRALDO,86,64,74.4
2010,ANTIOQUIA,5308.0,GIRARDOTA,873,526,60.3
2010,ANTIOQUIA,5310.0,GOMEZ PLATA,224,138,61.6
2010,ANTIOQUIA,5313.0,GRANADA,186,114,61.3
2010,ANTIOQUIA,5315.0,GUADALUPE,104,93,89.4
2010,ANTIOQUIA,5318.0,GUARNE,852,449,52.7
2010,ANTIOQUIA,5321.0,GUATAPE,96,61,63.5
2010,ANTIOQUIA,5347.0,HELICONIA,123,65,52.8
2010,ANTIOQUIA,5353.0,HISPANIA,84,69,82.1
2010,ANTIOQUIA,5364.0,JARDIN,281,158,56.2
2010,ANTIOQUIA,5368.0,JERICO,223,133,59.6
2010,ANTIOQUIA,5376.0,LA CEJA,871,636,73.0
2010,ANTIOQUIA,5380.0,LA ESTRELLA,991,388,39.2
2010,ANTIOQUIA,5390.0,LA PINTADA,128,106,82.8
2010,ANTIOQUIA,5400.0,LA UNION,364,270,74.2
2010,ANTIOQUIA,5411.0,LIBORINA,171,121,70.8
2010,ANTIOQUIA,5425.0,MACEO,135,121,89.6
2010,ANTIOQUIA,5440.0,MARINILLA,986,615,62.4
2010,ANTIOQUIA,5001.0,MEDELLIN,29254,27082,92.6
2010,ANTIOQUIA,5467.0,MONTEBELLO,124,85,68.5
2010,ANTIOQUIA,5475.0,MURINDO,86,44,51.2
2010,ANTIOQUIA,5480.0,MUTATA,433,376,86.8
2010,ANTIOQUIA,5483.0,NARIÑO,359,179,49.9
2010,ANTIOQUIA,5495.0,NECHI,539,626,116.1
2010,ANTIOQUIA,5490.0,NECOCLI,1393,1339,96.1
2010,ANTIOQUIA,5501.0,OLAYA,65,42,64.6
2010,ANTIOQUIA,5543.0,PEQUE,224,131,58.5
2010,ANTIOQUIA,5541.0,PEÑOL,334,237,71.0
2010,ANTIOQUIA,5576.0,PUEBLORRICO,158,109,69.0
2010,ANTIOQUIA,5579.0,PUERTO BERRIO,794,663,83.5
2010,ANTIOQUIA,5585.0,PUERTO NARE,379,188,49.6
2010,ANTIOQUIA,5591.0,PUERTO TRIUNFO,396,285,72.0
2010,ANTIOQUIA,5604.0,REMEDIOS,546,495,90.7
2010,ANTIOQUIA,5607.0,RETIRO,323,137,42.4
2010,ANTIOQUIA,5615.0,RIONEGRO,1907,1493,78.3
2010,ANTIOQUIA,5628.0,SABANALARGA,197,190,96.4
2010,ANTIOQUIA,5631.0,SABANETA,536,403,75.2
2010,ANTIOQUIA,5642.0,SALGAR,384,279,72.7
2010,ANTIOQUIA,5649.0,SAN CARLOS,308,189,61.4
2010,ANTIOQUIA,5652.0,SAN FRANCISCO,124,106,85.5
2010,ANTIOQUIA,5656.0,SAN JERONIMO,240,141,58.8
2010,ANTIOQUIA,5658.0,SAN JOSE DE LA MONTAÑA,78,44,56.4
2010,ANTIOQUIA,5659.0,SAN JUAN DE URABA,641,519,81.0
2010,ANTIOQUIA,5660.0,SAN LUIS,221,203,91.9
2010,ANTIOQUIA,5664.0,SAN PEDRO,482,381,79.0
2010,ANTIOQUIA,5665.0,SAN PEDRO DE URABA,744,885,119.0
2010,ANTIOQUIA,5667.0,SAN RAFAEL,243,175,72.0
2010,ANTIOQUIA,5670.0,SAN ROQUE,365,360,98.6
2010,ANTIOQUIA,5674.0,SAN VICENTE,312,264,84.6
2010,ANTIOQUIA,5686.0,SANTA ROSA DE OSOS,632,554,87.7
2010,ANTIOQUIA,5042.0,SANTAFE DE ANTIOQUIA,503,315,62.6
2010,ANTIOQUIA,5690.0,SANTO DOMINGO,222,154,69.4
2010,ANTIOQUIA,5736.0,SEGOVIA,839,649,77.4
2010,ANTIOQUIA,5756.0,SONSON,649,494,76.1
2010,ANTIOQUIA,5761.0,SOPETRAN,263,184,70.0
2010,ANTIOQUIA,5789.0,TAMESIS,250,178,71.2
2010,ANTIOQUIA,5790.0,TARAZA,1019,707,69.4
2010,ANTIOQUIA,5792.0,TARSO,153,68,44.4
2010,ANTIOQUIA,5809.0,TITIRIBI,224,97,43.3
2010,ANTIOQUIA,5819.0,TOLEDO,147,82,55.8
2010,ANTIOQUIA,5837.0,TURBO,3548,2538,71.5
2010,ANTIOQUIA,5842.0,URAMITA,178,124,69.7
2010,ANTIOQUIA,5847.0,URRAO,883,460,52.1
2010,ANTIOQUIA,5854.0,VALDIVIA,506,367,72.5
2010,ANTIOQUIA,5856.0,VALPARAISO,122,52,42.6
2010,ANTIOQUIA,5858.0,VEGACHI,231,206,89.2
2010,ATLANTICO,8078.0,BARANOA,1038,994,95.8
2010,ATLANTICO,8001.0,BARRANQUILLA,20244,19752,97.6
2010,ATLANTICO,8137.0,CAMPO DE LA CRUZ,367,267,72.8
2010,ATLANTICO,8141.0,CANDELARIA,254,241,94.9
2010,ATLANTICO,8296.0,GALAPA,772,699,90.5
2010,ATLANTICO,8372.0,JUAN DE ACOSTA,303,307,101.3
2010,ATLANTICO,8421.0,LURUACO,536,554,103.4
2010,ATLANTICO,8433.0,MALAMBO,2334,1873,80.2
2010,ATLANTICO,8436.0,MANATI,282,282,100.0
2010,ATLANTICO,8520.0,PALMAR DE VARELA,450,430,95.6
2010,ATLANTICO,8549.0,PIOJO,110,77,70.0
2010,ATLANTICO,8558.0,POLONUEVO,279,208,74.6
2010,ATLANTICO,8560.0,PONEDERA,448,392,87.5
2010,ATLANTICO,8573.0,PUERTO COLOMBIA,469,426,90.8
2010,ATLANTICO,8606.0,REPELON,547,518,94.7
2010,ATLANTICO,8634.0,SABANAGRANDE,554,507,91.5
2010,ATLANTICO,8638.0,SABANALARGA,1890,1315,69.6
2010,ATLANTICO,8675.0,SANTA LUCIA,245,125,51.0
2010,ATLANTICO,8685.0,SANTO TOMAS,436,375,86.0
2010,ATLANTICO,8758.0,SOLEDAD,10440,6969,66.8
2010,ATLANTICO,8770.0,SUAN,166,102,61.4
2010,ATLANTICO,8832.0,TUBARA,206,142,68.9
2010,ATLANTICO,8849.0,USIACURI,180,142,78.9
2010,NORTE DE SANTANDER,54003.0,ABREGO,815,787,96.6
2010,NORTE DE SANTANDER,54051.0,ARBOLEDAS,191,148,77.5
2010,NORTE DE SANTANDER,54099.0,BOCHALEMA,146,123,84.2
2010,NORTE DE SANTANDER,54109.0,BUCARASICA,101,85,84.2
2010,NORTE DE SANTANDER,54128.0,CACHIRA,249,257,103.2
2010,NORTE DE SANTANDER,54125.0,CACOTA,47,46,97.9
2010,NORTE DE SANTANDER,54172.0,CHINACOTA,305,241,79.0
2010,NORTE DE SANTANDER,54174.0,CHITAGA,219,114,52.1
2010,NORTE DE SANTANDER,54206.0,CONVENCION,320,348,108.7
2010,NORTE DE SANTANDER,54001.0,CUCUTA,11288,11107,98.4
2010,NORTE DE SANTANDER,54223.0,CUCUTILLA,192,95,49.5
2010,NORTE DE SANTANDER,54239.0,DURANIA,75,52,69.3
2010,NORTE DE SANTANDER,54245.0,EL CARMEN,350,278,79.4
2010,NORTE DE SANTANDER,54250.0,EL TARRA,311,257,82.6
2010,NORTE DE SANTANDER,54261.0,EL ZULIA,490,489,99.8
2010,NORTE DE SANTANDER,54313.0,GRAMALOTE,125,86,68.8
2010,NORTE DE SANTANDER,54344.0,HACARI,296,276,93.2
2010,NORTE DE SANTANDER,54347.0,HERRAN,69,37,53.6
2010,NORTE DE SANTANDER,54385.0,LA ESPERANZA,305,207,67.9
2010,NORTE DE SANTANDER,54398.0,LA PLAYA,174,179,102.9
2010,NORTE DE SANTANDER,54377.0,LABATECA,127,72,56.7
2010,NORTE DE SANTANDER,54405.0,LOS PATIOS,1282,1076,83.9
2010,NORTE DE SANTANDER,54418.0,LOURDES,72,61,84.7
2010,NORTE DE SANTANDER,54480.0,MUTISCUA,75,60,80.0
2010,NORTE DE SANTANDER,54498.0,OCAÑA,1782,1631,91.5
2010,NORTE DE SANTANDER,54518.0,PAMPLONA,738,720,97.6
2010,NORTE DE SANTANDER,54520.0,PAMPLONITA,100,52,52.0
2010,NORTE DE SANTANDER,54553.0,PUERTO SANTANDER,185,182,98.4
2010,NORTE DE SANTANDER,54599.0,RAGONVALIA,127,114,89.8
2010,NORTE DE SANTANDER,54660.0,SALAZAR,198,190,96.0
2010,NORTE DE SANTANDER,54670.0,SAN CALIXTO,364,198,54.4
2010,NORTE DE SANTANDER,54673.0,SAN CAYETANO,105,105,100.0
2010,NORTE DE SANTANDER,54680.0,SANTIAGO,58,31,53.4
2010,NORTE DE SANTANDER,54720.0,SARDINATA,581,441,75.9
2010,NORTE DE SANTANDER,54743.0,SILOS,108,104,96.3
2010,NORTE DE SANTANDER,54800.0,TEORAMA,538,307,57.1
2010,NORTE DE SANTANDER,54810.0,TIBU,947,765,80.8
2010,NORTE DE SANTANDER,54820.0,TOLEDO,345,285,82.6
2010,NORTE DE SANTANDER,54871.0,VILLA CARO,124,90,72.6
2010,NORTE DE SANTANDER,54874.0,VILLA DEL ROSARIO,1525,1460,95.7
2010,SANTANDER,68013.0,AGUADA,39,13,33.3
2010,SANTANDER,68020.0,ALBANIA,105,54,51.4
2010,SANTANDER,68051.0,ARATOCA,159,139,87.4
2010,SANTANDER,68077.0,BARBOSA,497,337,67.8
2010,SANTANDER,68079.0,BARICHARA,136,93,68.4
2010,SANTANDER,68081.0,BARRANCABERMEJA,3273,4090,125.0
2010,SANTANDER,68092.0,BETULIA,114,82,71.9
2010,SANTANDER,68101.0,BOLIVAR,280,131,46.8
2010,SANTANDER,68001.0,BUCARAMANGA,7448,9021,121.1
2010,SANTANDER,68121.0,CABRERA,44,30,68.2
2010,SANTANDER,68132.0,CALIFORNIA,36,35,97.2
2010,SANTANDER,68147.0,CAPITANEJO,103,73,70.9
2010,SANTANDER,68152.0,CARCASI,91,56,61.5
2010,SANTANDER,68160.0,CEPITA,40,28,70.0
2010,SANTANDER,68162.0,CERRITO,116,91,78.4
2010,SANTANDER,68167.0,CHARALA,198,174,87.9
2010,SANTANDER,68169.0,CHARTA,47,22,46.8
2010,SANTANDER,68176.0,CHIMA,52,39,75.0
2010,SANTANDER,68179.0,CHIPATA,95,57,60.0
2010,SANTANDER,68190.0,CIMITARRA,876,581,66.3
2010,SANTANDER,68207.0,CONCEPCION,102,86,84.3
2010,SANTANDER,68209.0,CONFINES,49,28,57.1
2010,SANTANDER,68211.0,CONTRATACION,90,46,51.1
2010,SANTANDER,68217.0,COROMORO,149,92,61.7
2010,SANTANDER,68229.0,CURITI,215,132,61.4
2010,SANTANDER,68235.0,EL CARMEN DE CHUCURI,376,254,67.6
2010,SANTANDER,68245.0,EL GUACAMAYO,39,28,71.8
2010,SANTANDER,68250.0,EL PEÑON,145,68,46.9
2010,SANTANDER,68255.0,EL PLAYON,272,239,87.9
2010,SANTANDER,68264.0,ENCINO,56,54,96.4
2010,SANTANDER,68266.0,ENCISO,63,35,55.6
2010,SANTANDER,68271.0,FLORIAN,142,78,54.9
2010,SANTANDER,68276.0,FLORIDABLANCA,3814,3819,100.1
2010,SANTANDER,68296.0,GALAN,49,48,98.0
2010,SANTANDER,68298.0,GAMBITA,109,66,60.6
2010,SANTANDER,68307.0,GIRON,2734,1951,71.4
2010,SANTANDER,68318.0,GUACA,121,106,87.6
2010,SANTANDER,68320.0,GUADALUPE,109,57,52.3
2010,SANTANDER,68322.0,GUAPOTA,45,16,35.6
2010,SANTANDER,68324.0,GUAVATA,70,40,57.1
2010,SANTANDER,68344.0,HATO,41,31,75.6
2010,SANTANDER,68368.0,JESUS MARIA,66,46,69.7
2010,SANTANDER,68370.0,JORDAN,20,10,50.0
2010,SANTANDER,68377.0,LA BELLEZA,172,82,47.7
2010,SANTANDER,68397.0,LA PAZ,98,60,61.2
2010,SANTANDER,68385.0,LANDAZURI,351,228,65.0
2010,SANTANDER,68406.0,LEBRIJA,683,663,97.1
2010,SANTANDER,68418.0,LOS SANTOS,232,173,74.6
2010,SANTANDER,68425.0,MACARAVITA,42,35,83.3
2010,SANTANDER,68432.0,MALAGA,311,245,78.8
2010,SANTANDER,68444.0,MATANZA,103,65,63.1
2010,SANTANDER,68464.0,MOGOTES,233,161,69.1
2010,SANTANDER,68468.0,MOLAGAVITA,103,46,44.7
2010,SANTANDER,68498.0,OCAMONTE,96,79,82.3
2010,SANTANDER,68500.0,OIBA,236,146,61.9
2010,SANTANDER,68502.0,ONZAGA,113,67,59.3
2010,SANTANDER,68522.0,PALMAR,55,11,20.0
2010,SANTANDER,68524.0,PALMAS DEL SOCORRO,42,23,54.8
2010,SANTANDER,68533.0,PARAMO,87,54,62.1
2010,SANTANDER,68547.0,PIEDECUESTA,2256,1622,71.9
2010,SANTANDER,68549.0,PINCHOTE,87,41,47.1
2010,SANTANDER,68572.0,PUENTE NACIONAL,231,125,54.1
2010,SANTANDER,68573.0,PUERTO PARRA,173,132,76.3
2010,SANTANDER,68575.0,PUERTO WILCHES,714,592,82.9
2010,SANTANDER,68615.0,RIONEGRO,564,483,85.6
2010,SANTANDER,68655.0,SABANA DE TORRES,377,623,165.3
2010,SANTANDER,68669.0,SAN ANDRES,148,131,88.5
2010,SANTANDER,68673.0,SAN BENITO,79,35,44.3
2010,SANTANDER,68679.0,SAN GIL,652,839,128.7
2010,SANTANDER,68682.0,SAN JOAQUIN,48,43,89.6
2010,SANTANDER,68684.0,SAN JOSE DE MIRANDA,90,69,76.7
2010,SANTANDER,68686.0,SAN MIGUEL,46,22,47.8
2010,SANTANDER,68689.0,SAN VICENTE DE CHUCURI,660,473,71.7
2010,SANTANDER,68705.0,SANTA BARBARA,46,36,78.3
2010,SANTANDER,68720.0,SANTA HELENA DEL OPON,105,74,70.5
2010,SANTANDER,68745.0,SIMACOTA,176,140,79.5
2010,SANTANDER,68755.0,SOCORRO,483,432,89.4
2010,SANTANDER,68770.0,SUAITA,189,171,90.5
2010,SANTANDER,68773.0,SUCRE,182,90,49.5
2010,SANTANDER,68780.0,SURATA,62,62,100.0
2010,SANTANDER,68820.0,TONA,129,123,95.3
2010,SANTANDER,68855.0,VALLE DE SAN JOSE,87,81,93.1
2010,SANTANDER,68861.0,VELEZ,418,293,70.1
2010,SANTANDER,68867.0,VETAS,54,17,31.5
2010,SANTANDER,68872.0,VILLANUEVA,100,74,74.0
2010,SANTANDER,68895.0,ZAPATOCA,157,156,99.4
2010,VALLE DEL CAUCA,76020.0,ALCALA,358,181,50.6
2010,VALLE DEL CAUCA,76036.0,ANDALUCIA,293,235,80.2
2010,VALLE DEL CAUCA,76041.0,ANSERMANUEVO,388,371,95.6
2010,VALLE DEL CAUCA,76054.0,ARGELIA,132,109,82.6
2010,VALLE DEL CAUCA,76100.0,BOLIVAR,287,283,98.6
2010,VALLE DEL CAUCA,76113.0,BUGALAGRANDE,344,279,81.1
2010,VALLE DEL CAUCA,76122.0,CAICEDONIA,496,346,69.8
2010,VALLE DEL CAUCA,76130.0,CANDELARIA,1236,991,80.2
2010,VALLE DEL CAUCA,76147.0,CARTAGO,2031,1731,85.2
2010,VALLE DEL CAUCA,76233.0,DAGUA,629,507,80.6
2010,VALLE DEL CAUCA,76243.0,EL AGUILA,203,147,72.4
2010,VALLE DEL CAUCA,76246.0,EL CAIRO,188,94,50.0
2010,VALLE DEL CAUCA,76248.0,EL CERRITO,897,878,97.9
2010,VALLE DEL CAUCA,76250.0,EL DOVIO,172,195,113.4
2010,VALLE DEL CAUCA,76275.0,FLORIDA,1061,917,86.4
2010,VALLE DEL CAUCA,76306.0,GINEBRA,320,214,66.9
2010,VALLE DEL CAUCA,76318.0,GUACARI,547,539,98.5
2010,VALLE DEL CAUCA,76364.0,JAMUNDI,1915,1202,62.8
2010,VALLE DEL CAUCA,76377.0,LA CUMBRE,177,157,88.7
2010,VALLE DEL CAUCA,76400.0,LA UNION,586,411,70.1
2010,VALLE DEL CAUCA,76403.0,LA VICTORIA,209,148,70.8
2010,VALLE DEL CAUCA,76497.0,OBANDO,286,201,70.3
2010,VALLE DEL CAUCA,76520.0,PALMIRA,4342,3523,81.1
2010,VALLE DEL CAUCA,76563.0,PRADERA,1059,687,64.9
2010,VALLE DEL CAUCA,76606.0,RESTREPO,286,227,79.4
2010,VALLE DEL CAUCA,76616.0,RIOFRIO,276,190,68.8
2010,VALLE DEL CAUCA,76622.0,ROLDANILLO,568,422,74.3
2010,VALLE DEL CAUCA,76670.0,SAN PEDRO,279,132,47.3
2010,VALLE DEL CAUCA,76736.0,SEVILLA,771,557,72.2
2010,VALLE DEL CAUCA,76823.0,TORO,295,238,80.7
2010,VALLE DEL CAUCA,76828.0,TRUJILLO,349,230,65.9
2010,VALLE DEL CAUCA,76834.0,TULUA,3216,3076,95.6
2010,VALLE DEL CAUCA,76845.0,ULLOA,105,58,55.2
2010,VALLE DEL CAUCA,76863.0,VERSALLES,130,94,72.3
2010,VALLE DEL CAUCA,76869.0,VIJES,170,162,95.3
2010,VALLE DEL CAUCA,76890.0,YOTOCO,253,202,79.8
2010,VALLE DEL CAUCA,76892.0,YUMBO,1742,1531,87.9
2010,VALLE DEL CAUCA,76895.0,ZARZAL,730,565,77.4
2022,ANTIOQUIA,5002.0,ABEJORRAL,161,183,113.66
2022,ANTIOQUIA,5004.0,ABRIAQUI,22,22,100.0
2022,ANTIOQUIA,5021.0,ALEJANDRIA,45,41,91.11
2022,ANTIOQUIA,5030.0,AMAGA,269,244,90.71
2022,ANTIOQUIA,5031.0,AMALFI,279,326,116.85
2022,ANTIOQUIA,5034.0,ANDES,444,376,84.68
2022,ANTIOQUIA,5036.0,ANGELOPOLIS,58,61,105.17
2022,ANTIOQUIA,5038.0,ANGOSTURA,120,86,71.67
2022,ANTIOQUIA,5040.0,ANORI,228,251,110.09
2022,ANTIOQUIA,5044.0,ANZA,98,91,92.86
2022,ANTIOQUIA,5045.0,APARTADO,2103,1729,82.22
2022,ANTIOQUIA,5051.0,ARBOLETES,485,407,83.92
2022,ANTIOQUIA,5055.0,ARGELIA,104,90,86.54
2022,ANTIOQUIA,5059.0,ARMENIA,30,21,70.0
2022,ANTIOQUIA,5079.0,BARBOSA,429,376,87.65
2022,ANTIOQUIA,5088.0,BELLO,4661,4049,86.87
2022,ANTIOQUIA,5086.0,BELMIRA,54,43,79.63
2022,ANTIOQUIA,5091.0,BETANIA,92,89,96.74
2022,ANTIOQUIA,5093.0,BETULIA,208,225,108.17
2022,ANTIOQUIA,5107.0,BRICEÑO,94,69,73.4
2022,ANTIOQUIA,5113.0,BURITICA,104,125,120.19
2022,ANTIOQUIA,5120.0,CACERES,432,370,85.65
2022,ANTIOQUIA,5125.0,CAICEDO,113,93,82.3
2022,ANTIOQUIA,5129.0,CALDAS,776,695,89.56
2022,ANTIOQUIA,5134.0,CAMPAMENTO,87,91,104.6
2022,ANTIOQUIA,5142.0,CARACOLI,53,40,75.47
2022,ANTIOQUIA,5145.0,CARAMANTA,42,56,133.33
2022,ANTIOQUIA,5147.0,CAREPA,953,856,89.82
2022,ANTIOQUIA,5150.0,CAROLINA,23,21,91.3
2022,ANTIOQUIA,5154.0,CAUCASIA,1552,1261,81.25
2022,ANTIOQUIA,5138.0,CAÑASGORDAS,169,189,111.83
2022,ANTIOQUIA,5190.0,CISNEROS,126,114,90.48
2022,ANTIOQUIA,5101.0,CIUDAD BOLIVAR,286,246,86.01
2022,ANTIOQUIA,5197.0,COCORNA,179,171,95.53
2022,ANTIOQUIA,5206.0,CONCEPCION,38,34,89.47
2022,ANTIOQUIA,5209.0,CONCORDIA,191,180,94.24
2022,ANTIOQUIA,5212.0,COPACABANA,536,527,98.32
2022,ANTIOQUIA,5234.0,DABEIBA,339,300,88.5
2022,ANTIOQUIA,5237.0,DONMATIAS,203,206,101.48
2022,ANTIOQUIA,5240.0,EBEJICO,94,60,63.83
2022,ANTIOQUIA,5250.0,EL BAGRE,905,965,106.63
2022,ANTIOQUIA,5148.0,EL CARMEN DE VIBORAL,619,558,90.15
2022,ANTIOQUIA,5697.0,EL SANTUARIO,510,518,101.57
2022,ANTIOQUIA,5264.0,ENTRERRIOS,132,119,90.15
2022,ANTIOQUIA,5266.0,ENVIGADO,1354,1066,78.73
2022,ANTIOQUIA,5282.0,FREDONIA,171,140,81.87
2022,ANTIOQUIA,5284.0,FRONTINO,324,322,99.38
2022,ANTIOQUIA,5306.0,GIRALDO,84,82,97.62
2022,ANTIOQUIA,5308.0,GIRARDOTA,491,455,92.67
2022,ANTIOQUIA,5310.0,GOMEZ PLATA,76,65,85.53
2022,ANTIOQUIA,5313.0,GRANADA,151,145,96.03
2022,ANTIOQUIA,5315.0,GUADALUPE,74,61,82.43
2022,ANTIOQUIA,5318.0,GUARNE,425,421,99.06
2022,ANTIOQUIA,5321.0,GUATAPE,89,94,105.62
2022,ANTIOQUIA,5347.0,HELICONIA,48,30,62.5
2022,ANTIOQUIA,5353.0,HISPANIA,51,31,60.78
2022,ANTIOQUIA,5360.0,ITAGÜI,2684,2238,83.38
2022,ANTIOQUIA,5364.0,JARDIN,142,122,85.92
2022,ANTIOQUIA,5368.0,JERICO,98,94,95.92
2022,ANTIOQUIA,5376.0,LA CEJA,673,658,97.77
2022,ANTIOQUIA,5380.0,LA ESTRELLA,514,382,74.32
2022,ANTIOQUIA,5390.0,LA PINTADA,116,102,87.93
2022,ANTIOQUIA,5400.0,LA UNION,268,237,88.43
2022,ANTIOQUIA,5411.0,LIBORINA,96,64,66.67
2022,ANTIOQUIA,5425.0,MACEO,101,77,76.24
2022,ANTIOQUIA,5440.0,MARINILLA,764,676,88.48
2022,ANTIOQUIA,5001.0,MEDELLIN,25902,20873,80.58
2022,ANTIOQUIA,5467.0,MONTEBELLO,56,52,92.86
2022,ANTIOQUIA,5475.0,MURINDO,123,97,78.86
2022,ANTIOQUIA,5480.0,MUTATA,506,314,62.06
2022,ANTIOQUIA,5483.0,NARIÑO,125,104,83.2
2022,ANTIOQUIA,5495.0,NECHI,447,430,96.2
2022,ANTIOQUIA,5490.0,NECOCLI,914,968,105.91
2022,ANTIOQUIA,5501.0,OLAYA,26,19,73.08
2022,ANTIOQUIA,5543.0,PEQUE,105,123,117.14
2022,ANTIOQUIA,5576.0,PUEBLORRICO,90,58,64.44
2022,ANTIOQUIA,5579.0,PUERTO BERRIO,547,528,96.53
2022,ANTIOQUIA,5585.0,PUERTO NARE,134,128,95.52
2022,ANTIOQUIA,5591.0,PUERTO TRIUNFO,218,202,92.66
2022,ANTIOQUIA,5604.0,REMEDIOS,472,421,89.19
2022,ANTIOQUIA,5615.0,RIONEGRO,1672,1636,97.85
2022,ANTIOQUIA,5628.0,SABANALARGA,120,109,90.83
2022,ANTIOQUIA,5631.0,SABANETA,572,405,70.8
2022,ANTIOQUIA,5642.0,SALGAR,170,171,100.59
2022,ANTIOQUIA,5647.0,SAN ANDRES DE CUERQUIA,90,78,86.67
2022,ANTIOQUIA,5649.0,SAN CARLOS,168,158,94.05
2022,ANTIOQUIA,5652.0,SAN FRANCISCO,80,69,86.25
2022,ANTIOQUIA,5656.0,SAN JERONIMO,152,164,107.89
2022,ANTIOQUIA,5658.0,SAN JOSE DE LA MONTAÑA,49,31,63.27
2022,ANTIOQUIA,5659.0,SAN JUAN DE URABA,409,474,115.89
2022,ANTIOQUIA,5660.0,SAN LUIS,210,206,98.1
2022,ANTIOQUIA,5665.0,SAN PEDRO DE URABA,555,604,108.83
2022,ANTIOQUIA,5667.0,SAN RAFAEL,168,184,109.52
2022,ANTIOQUIA,5670.0,SAN ROQUE,214,231,107.94
2022,ANTIOQUIA,5674.0,SAN VICENTE,174,151,86.78
2022,ANTIOQUIA,5686.0,SANTA ROSA DE OSOS,454,405,89.21
2022,ANTIOQUIA,5690.0,SANTO DOMINGO,64,79,123.44
2022,ANTIOQUIA,5736.0,SEGOVIA,619,661,106.79
2022,ANTIOQUIA,5756.0,SONSON,404,405,100.25
2022,ANTIOQUIA,5761.0,SOPETRAN,146,153,104.79
2022,ANTIOQUIA,5789.0,TAMESIS,134,118,88.06
2022,ANTIOQUIA,5790.0,TARAZA,461,358,77.66
2022,ANTIOQUIA,5792.0,TARSO,63,55,87.3
2022,ANTIOQUIA,5809.0,TITIRIBI,64,41,64.06
2022,ANTIOQUIA,5819.0,TOLEDO,58,60,103.45
2022,ANTIOQUIA,5837.0,TURBO,2627,2242,85.34
2022,ANTIOQUIA,5842.0,URAMITA,79,53,67.09
2022,ANTIOQUIA,5847.0,URRAO,400,346,86.5
2022,ANTIOQUIA,5854.0,VALDIVIA,226,196,86.73
2022,ANTIOQUIA,5856.0,VALPARAISO,50,38,76.0
2022,ANTIOQUIA,5858.0,VEGACHI,188,209,111.17
2022,ATLANTICO,8078.0,BARANOA,1791,841,46.96
2022,ATLANTICO,8137.0,CAMPO DE LA CRUZ,831,390,46.93
2022,ATLANTICO,8141.0,CANDELARIA,613,290,47.31
2022,ATLANTICO,8296.0,GALAPA,1893,897,47.39
2022,ATLANTICO,8372.0,JUAN DE ACOSTA,600,299,49.83
2022,ATLANTICO,8421.0,LURUACO,1094,551,50.37
2022,ATLANTICO,8433.0,MALAMBO,4422,2231,50.45
2022,ATLANTICO,8436.0,MANATI,723,344,47.58
2022,ATLANTICO,8520.0,PALMAR DE VARELA,983,469,47.71
2022,ATLANTICO,8549.0,PIOJO,139,61,43.88
2022,ATLANTICO,8558.0,POLONUEVO,534,222,41.57
2022,ATLANTICO,8560.0,PONEDERA,848,391,46.11
2022,ATLANTICO,8573.0,PUERTO COLOMBIA,955,403,42.2
2022,ATLANTICO,8606.0,REPELON,1024,433,42.29
2022,ATLANTICO,8634.0,SABANAGRANDE,967,566,58.53
2022,ATLANTICO,8638.0,SABANALARGA,2950,1490,50.51
2022,ATLANTICO,8675.0,SANTA LUCIA,502,230,45.82
2022,ATLANTICO,8685.0,SANTO TOMAS,879,370,42.09
2022,ATLANTICO,8758.0,SOLEDAD,20040,10246,51.13
2022,ATLANTICO,8770.0,SUAN,418,170,40.67
2022,ATLANTICO,8832.0,TUBARA,291,147,50.52
2022,ATLANTICO,8849.0,USIACURI,265,148,55.85
2022,SANTANDER,68013.0,AGUADA,14,77,550.0
2022,SANTANDER,68020.0,ALBANIA,23,20,86.96
2022,SANTANDER,68051.0,ARATOCA,113,76,67.26
2022,SANTANDER,68077.0,BARBOSA,427,317,74.24
2022,SANTANDER,68079.0,BARICHARA,71,72,101.41
2022,SANTANDER,68081.0,BARRANCABERMEJA,3387,3003,88.66
2022,SANTANDER,68092.0,BETULIA,63,54,85.71
2022,SANTANDER,68101.0,BOLIVAR,85,63,74.12
2022,SANTANDER,68001.0,BUCARAMANGA,8132,7348,90.36
2022,SANTANDER,68121.0,CABRERA,12,10,83.33
2022,SANTANDER,68132.0,CALIFORNIA,18,13,72.22
2022,SANTANDER,68147.0,CAPITANEJO,57,49,85.96
2022,SANTANDER,68160.0,CARCASI,49,31,63.27
2022,SANTANDER,68162.0,CEPITA,19,10,52.63
2022,SANTANDER,68162.0,CERRITO,91,59,64.84
2022,SANTANDER,68176.0,CHARALA,122,138,113.11
2022,SANTANDER,68169.0,CHARTA,23,18,78.26
2022,SANTANDER,68176.0,CHIMA,26,23,88.46
2022,SANTANDER,68207.0,CHIPATA,32,28,87.5
2022,SANTANDER,68190.0,CIMITARRA,430,440,102.33
2022,SANTANDER,68211.0,CONCEPCION,67,43,64.18
2022,SANTANDER,68209.0,CONFINES,37,25,67.57
2022,SANTANDER,68229.0,CONTRATACION,32,40,125.0
2022,SANTANDER,68217.0,COROMORO,72,58,80.56
2022,SANTANDER,68245.0,CURITI,115,105,91.3
2022,SANTANDER,68250.0,EL CARMEN DE CHUCURI,241,199,82.57
2022,SANTANDER,68245.0,EL GUACAMAYO,18,9,50.0
2022,SANTANDER,68264.0,EL PEÑON,52,46,88.46
2022,SANTANDER,68266.0,EL PLAYON,201,192,95.52
2022,SANTANDER,68264.0,ENCINO,30,29,96.67
2022,SANTANDER,68266.0,ENCISO,38,26,68.42
2022,SANTANDER,68296.0,FLORIAN,61,49,80.33
2022,SANTANDER,68276.0,FLORIDABLANCA,3462,2401,69.35
2022,SANTANDER,68307.0,GALAN,33,33,100.0
2022,SANTANDER,68318.0,GAMBITA,47,30,63.83
2022,SANTANDER,68320.0,GIRON,2233,1819,81.46
2022,SANTANDER,68318.0,GUACA,65,68,104.62
2022,SANTANDER,68320.0,GUADALUPE,35,48,137.14
2022,SANTANDER,68327.0,GUAPOTA,22,21,95.45
2022,SANTANDER,68330.0,GUAVATA,23,24,104.35
2022,SANTANDER,68327.0,GÜEPSA,50,36,72.0
2022,SANTANDER,68344.0,HATO,25,18,72.0
2022,SANTANDER,68377.0,JESUS MARIA,27,25,92.59
2022,SANTANDER,68385.0,JORDAN,14,10,71.43
2022,SANTANDER,68377.0,LA BELLEZA,76,81,106.58
2022,SANTANDER,68397.0,LA PAZ,36,26,72.22
2022,SANTANDER,68385.0,LANDAZURI,127,131,103.15
2022,SANTANDER,68406.0,LEBRIJA,540,466,86.3
2022,SANTANDER,68418.0,LOS SANTOS,171,159,92.98
2022,SANTANDER,68425.0,MACARAVITA,20,12,60.0
2022,SANTANDER,68468.0,MALAGA,276,249,90.22
2022,SANTANDER,68444.0,MATANZA,55,46,83.64
2022,SANTANDER,68464.0,MOGOTES,131,98,74.81
2022,SANTANDER,68468.0,MOLAGAVITA,38,41,107.89
2022,SANTANDER,68498.0,OCAMONTE,47,40,85.11
2022,SANTANDER,68500.0,OIBA,124,130,104.84
2022,SANTANDER,68502.0,ONZAGA,39,44,112.82
2022,SANTANDER,68522.0,PALMAR,13,11,84.62
2022,SANTANDER,68524.0,PALMAS DEL SOCORRO,28,24,85.71
2022,SANTANDER,68572.0,PARAMO,53,54,101.89
2022,SANTANDER,68547.0,PIEDECUESTA,1846,1672,90.57
2022,SANTANDER,68549.0,PINCHOTE,37,23,62.16
2022,SANTANDER,68572.0,PUENTE NACIONAL,113,105,92.92
2022,SANTANDER,68573.0,PUERTO PARRA,121,113,93.39
2022,SANTANDER,68575.0,PUERTO WILCHES,504,540,107.14
2022,SANTANDER,68615.0,RIONEGRO,340,308,90.59
2022,SANTANDER,68655.0,SABANA DE TORRES,560,554,98.93
2022,SANTANDER,68684.0,SAN ANDRES,81,58,71.6
2022,SANTANDER,68673.0,SAN BENITO,19,20,105.26
2022,SANTANDER,68679.0,SAN GIL,768,706,91.93
2022,SANTANDER,68705.0,SAN JOAQUIN,28,17,60.71
2022,SANTANDER,68720.0,SAN JOSE DE MIRANDA,47,31,65.96
2022,SANTANDER,68686.0,SAN MIGUEL,26,23,88.46
2022,SANTANDER,68755.0,SAN VICENTE DE CHUCURI,356,256,71.91
2022,SANTANDER,68770.0,SANTA BARBARA,24,45,187.5
2022,SANTANDER,68773.0,SANTA HELENA DEL OPON,48,46,95.83
2022,SANTANDER,68745.0,SIMACOTA,108,101,93.52
2022,SANTANDER,68755.0,SOCORRO,391,328,83.89
2022,SANTANDER,68770.0,SUAITA,98,103,105.1
2022,SANTANDER,68773.0,SUCRE,54,52,96.3
2022,SANTANDER,68861.0,SURATA,42,33,78.57
2022,SANTANDER,68820.0,TONA,108,90,83.33
2022,SANTANDER,68872.0,VALLE DE SAN JOSE,76,51,67.11
2022,SANTANDER,68895.0,VELEZ,213,189,88.73
2022,SANTANDER,68867.0,VETAS,18,6,33.33
2022,SANTANDER,68872.0,VILLANUEVA,82,74,90.24
2022,SANTANDER,68895.0,ZAPATOCA,111,113,101.8
2022,VALLE DEL CAUCA,76020.0,ALCALA,153,135,0.88
2022,VALLE DEL CAUCA,76036.0,ANDALUCIA,154,103,0.67
2022,VALLE DEL CAUCA,76041.0,ANSERMANUEVO,187,203,1.09
2022,VALLE DEL CAUCA,76054.0,ARGELIA,62,58,0.94
2022,VALLE DEL CAUCA,76100.0,BOLIVAR,255,254,1.0
2022,VALLE DEL CAUCA,76113.0,BUGALAGRANDE,176,158,0.9
2022,VALLE DEL CAUCA,76122.0,CAICEDONIA,270,241,0.89
2022,VALLE DEL CAUCA,76126.0,CALIMA,199,153,0.77
2022,VALLE DEL CAUCA,76130.0,CANDELARIA,886,848,0.96
2022,VALLE DEL CAUCA,76147.0,CARTAGO,1134,1051,0.93
2022,VALLE DEL CAUCA,76233.0,DAGUA,455,436,0.96
2022,VALLE DEL CAUCA,76243.0,EL AGUILA,76,54,0.71
2022,VALLE DEL CAUCA,76246.0,EL CAIRO,61,61,1.0
2022,VALLE DEL CAUCA,76248.0,EL CERRITO,559,436,0.78
2022,VALLE DEL CAUCA,76250.0,EL DOVIO,155,156,1.01
2022,VALLE DEL CAUCA,76275.0,FLORIDA,710,574,0.81
2022,VALLE DEL CAUCA,76306.0,GINEBRA,183,195,1.07
2022,VALLE DEL CAUCA,76318.0,GUACARI,333,308,0.92
2022,VALLE DEL CAUCA,76111.0,GUADALAJARA DE BUGA,1111,1039,0.94
2022,VALLE DEL CAUCA,76364.0,JAMUNDI,1491,1422,0.95
2022,VALLE DEL CAUCA,76377.0,LA CUMBRE,113,111,0.98
2022,VALLE DEL CAUCA,76400.0,LA UNION,330,298,0.9
2022,VALLE DEL CAUCA,76403.0,LA VICTORIA,97,88,0.91
2022,VALLE DEL CAUCA,76497.0,OBANDO,128,164,1.28
2022,VALLE DEL CAUCA,76520.0,PALMIRA,2928,2565,0.88
2022,VALLE DEL CAUCA,76563.0,PRADERA,549,471,0.86
2022,VALLE DEL CAUCA,76606.0,RESTREPO,188,176,0.94
2022,VALLE DEL CAUCA,76616.0,RIOFRIO,151,157,1.04
2022,VALLE DEL CAUCA,76622.0,ROLDANILLO,323,321,0.99
2022,VALLE DEL CAUCA,76670.0,SAN PEDRO,128,116,0.91
2022,VALLE DEL CAUCA,76736.0,SEVILLA,360,355,0.99
2022,VALLE DEL CAUCA,76823.0,TORO,107,108,1.01
2022,VALLE DEL CAUCA,76828.0,TRUJILLO,196,199,1.02
2022,VALLE DEL CAUCA,76834.0,TULUA,2015,1752,0.87
2022,VALLE DEL CAUCA,76845.0,ULLOA,41,42,1.02
2022,VALLE DEL CAUCA,76863.0,VERSALLES,66,74,1.12
2022,VALLE DEL CAUCA,76869.0,VIJES,110,111,1.01
2022,VALLE DEL CAUCA,76890.0,YOTOCO,153,127,0.83
2022,VALLE DEL CAUCA,76892.0,YUMBO,1078,953,0.88
2022,VALLE DEL CAUCA,76895.0,ZARZAL,392,349,0.89
2023,ANTIOQUIA,5002.0,ABEJORRAL,144,134,93.06
2023,ANTIOQUIA,5004.0,ABRIAQUI,19,18,94.74
2023,ANTIOQUIA,5021.0,ALEJANDRIA,36,30,83.33
2023,ANTIOQUIA,5030.0,AMAGA,234,217,92.74
2023,ANTIOQUIA,5031.0,AMALFI,303,275,90.76
2023,ANTIOQUIA,5034.0,ANDES,377,361,95.76
2023,ANTIOQUIA,5036.0,ANGELOPOLIS,47,37,78.72
2023,ANTIOQUIA,5038.0,ANGOSTURA,112,100,89.29
2023,ANTIOQUIA,5040.0,ANORI,226,235,103.98
2023,ANTIOQUIA,5044.0,ANZA,96,96,100.0
2023,ANTIOQUIA,5045.0,APARTADO,1756,1615,91.97
2023,ANTIOQUIA,5051.0,ARBOLETES,474,401,84.6
2023,ANTIOQUIA,5055.0,ARGELIA,97,79,81.44
2023,ANTIOQUIA,5059.0,ARMENIA,21,18,85.71
2023,ANTIOQUIA,5079.0,BARBOSA,359,337,93.87
2023,ANTIOQUIA,5088.0,BELLO,4437,4171,94.0
2023,ANTIOQUIA,5086.0,BELMIRA,42,31,73.81
2023,ANTIOQUIA,5091.0,BETANIA,90,72,80.0
2023,ANTIOQUIA,5093.0,BETULIA,219,208,94.98
2023,ANTIOQUIA,5107.0,BRICEÑO,84,74,88.1
2023,ANTIOQUIA,5113.0,BURITICA,112,113,100.89
2023,ANTIOQUIA,5120.0,CACERES,421,404,95.96
2023,ANTIOQUIA,5125.0,CAICEDO,105,98,93.33
2023,ANTIOQUIA,5129.0,CALDAS,752,676,89.89
2023,ANTIOQUIA,5134.0,CAMPAMENTO,82,51,62.2
2023,ANTIOQUIA,5142.0,CARACOLI,51,48,94.12
2023,ANTIOQUIA,5145.0,CARAMANTA,50,49,98.0
2023,ANTIOQUIA,5147.0,CAREPA,955,842,88.17
2023,ANTIOQUIA,5150.0,CAROLINA,21,21,100.0
2023,ANTIOQUIA,5154.0,CAUCASIA,1508,1173,77.79
2023,ANTIOQUIA,5138.0,CAÑASGORDAS,178,168,94.38
2023,ANTIOQUIA,5190.0,CISNEROS,120,103,85.83
2023,ANTIOQUIA,5101.0,CIUDAD BOLIVAR,265,284,107.17
2023,ANTIOQUIA,5197.0,COCORNA,177,166,93.79
2023,ANTIOQUIA,5206.0,CONCEPCION,29,21,72.41
2023,ANTIOQUIA,5209.0,CONCORDIA,175,132,75.43
2023,ANTIOQUIA,5212.0,COPACABANA,461,409,88.72
2023,ANTIOQUIA,5234.0,DABEIBA,333,320,96.1
2023,ANTIOQUIA,5237.0,DONMATIAS,199,204,102.51
2023,ANTIOQUIA,5240.0,EBEJICO,72,51,70.83
2023,ANTIOQUIA,5250.0,EL BAGRE,928,1020,109.91
2023,ANTIOQUIA,5148.0,EL CARMEN DE VIBORAL,611,559,91.49
2023,ANTIOQUIA,5697.0,EL SANTUARIO,510,480,94.12
2023,ANTIOQUIA,5264.0,ENTRERRIOS,115,100,86.96
2023,ANTIOQUIA,5266.0,ENVIGADO,1165,988,84.81
2023,ANTIOQUIA,5282.0,FREDONIA,146,130,89.04
2023,ANTIOQUIA,5284.0,FRONTINO,324,332,102.47
2023,ANTIOQUIA,5306.0,GIRALDO,77,75,97.4
2023,ANTIOQUIA,5308.0,GIRARDOTA,468,426,91.03
2023,ANTIOQUIA,5310.0,GOMEZ PLATA,71,58,81.69
2023,ANTIOQUIA,5313.0,GRANADA,146,139,95.21
2023,ANTIOQUIA,5315.0,GUADALUPE,64,56,87.5
2023,ANTIOQUIA,5318.0,GUARNE,369,378,102.44
2023,ANTIOQUIA,5321.0,GUATAPE,93,94,101.08
2023,ANTIOQUIA,5347.0,HELICONIA,37,29,78.38
2023,ANTIOQUIA,5353.0,HISPANIA,44,33,75.0
2023,ANTIOQUIA,5360.0,ITAGÜI,2445,2270,92.84
2023,ANTIOQUIA,5364.0,JARDIN,131,134,102.29
2023,ANTIOQUIA,5368.0,JERICO,88,72,81.82
2023,ANTIOQUIA,5376.0,LA CEJA,658,576,87.54
2023,ANTIOQUIA,5380.0,LA ESTRELLA,405,383,94.57
2023,ANTIOQUIA,5390.0,LA PINTADA,111,97,87.39
2023,ANTIOQUIA,5400.0,LA UNION,240,224,93.33
2023,ANTIOQUIA,5411.0,LIBORINA,92,89,96.74
2023,ANTIOQUIA,5425.0,MACEO,84,79,94.05
2023,ANTIOQUIA,5440.0,MARINILLA,752,678,90.16
2023,ANTIOQUIA,5001.0,MEDELLIN,22912,19221,83.89
2023,ANTIOQUIA,5467.0,MONTEBELLO,49,38,77.55
2023,ANTIOQUIA,5475.0,MURINDO,113,87,76.99
2023,ANTIOQUIA,5480.0,MUTATA,486,382,78.6
2023,ANTIOQUIA,5483.0,NARIÑO,101,56,55.45
2023,ANTIOQUIA,5495.0,NECHI,471,475,100.85
2023,ANTIOQUIA,5490.0,NECOCLI,972,928,95.47
2023,ANTIOQUIA,5501.0,OLAYA,24,21,87.5
2023,ANTIOQUIA,5543.0,PEQUE,103,87,84.47
2023,ANTIOQUIA,5576.0,PUEBLORRICO,85,77,90.59
2023,ANTIOQUIA,5579.0,PUERTO BERRIO,515,377,73.2
2023,ANTIOQUIA,5585.0,PUERTO NARE,122,109,89.34
2023,ANTIOQUIA,5591.0,PUERTO TRIUNFO,214,190,88.79
2023,ANTIOQUIA,5604.0,REMEDIOS,462,454,98.27
2023,ANTIOQUIA,5615.0,RIONEGRO,1585,1790,112.93
2023,ANTIOQUIA,5628.0,SABANALARGA,120,109,90.83
2023,ANTIOQUIA,5631.0,SABANETA,552,442,80.07
2023,ANTIOQUIA,5642.0,SALGAR,155,134,86.45
2023,ANTIOQUIA,5647.0,SAN ANDRES DE CUERQUIA,85,99,116.47
2023,ANTIOQUIA,5649.0,SAN CARLOS,152,128,84.21
2023,ANTIOQUIA,5652.0,SAN FRANCISCO,65,56,86.15
2023,ANTIOQUIA,5656.0,SAN JERONIMO,157,152,96.82
2023,ANTIOQUIA,5658.0,SAN JOSE DE LA MONTAÑA,44,39,88.64
2023,ANTIOQUIA,5659.0,SAN JUAN DE URABA,448,480,107.14
2023,ANTIOQUIA,5660.0,SAN LUIS,185,161,87.03
2023,ANTIOQUIA,5665.0,SAN PEDRO DE URABA,599,598,99.83
2023,ANTIOQUIA,5667.0,SAN RAFAEL,160,140,87.5
2023,ANTIOQUIA,5670.0,SAN ROQUE,196,179,91.33
2023,ANTIOQUIA,5674.0,SAN VICENTE,160,128,80.0
2023,ANTIOQUIA,5686.0,SANTA ROSA DE OSOS,426,335,78.64
2023,ANTIOQUIA,5690.0,SANTO DOMINGO,71,60,84.51
2023,ANTIOQUIA,5736.0,SEGOVIA,619,679,109.69
2023,ANTIOQUIA,5756.0,SONSON,404,361,89.36
2023,ANTIOQUIA,5761.0,SOPETRAN,137,128,93.43
2023,ANTIOQUIA,5789.0,TAMESIS,120,110,91.67
2023,ANTIOQUIA,5790.0,TARAZA,417,410,98.32
2023,ANTIOQUIA,5792.0,TARSO,53,37,69.81
2023,ANTIOQUIA,5809.0,TITIRIBI,50,49,98.0
2023,ANTIOQUIA,5819.0,TOLEDO,45,33,73.33
2023,ANTIOQUIA,5837.0,TURBO,2450,2014,82.2
2023,ANTIOQUIA,5842.0,URAMITA,75,84,112.0
2023,ANTIOQUIA,5847.0,URRAO,395,337,85.32
2023,ANTIOQUIA,5854.0,VALDIVIA,205,212,103.41
2023,ANTIOQUIA,5856.0,VALPARAISO,48,43,89.58
2023,ANTIOQUIA,5858.0,VEGACHI,195,204,104.62
2023,ATLANTICO,8078.0,BARANOA,1744,774,44.38
2023,ATLANTICO,8137.0,CAMPO DE LA CRUZ,806,356,44.17
2023,ATLANTICO,8141.0,CANDELARIA,617,261,42.3
2023,ATLANTICO,8296.0,GALAPA,1846,882,47.78
2023,ATLANTICO,8372.0,JUAN DE ACOSTA,593,286,48.23
2023,ATLANTICO,8421.0,LURUACO,1046,523,50.0
2023,ATLANTICO,8433.0,MALAMBO,4536,1901,41.91
2023,ATLANTICO,8436.0,MANATI,703,311,44.24
2023,ATLANTICO,8520.0,PALMAR DE VARELA,948,479,50.53
2023,ATLANTICO,8549.0,PIOJO,137,70,51.09
2023,ATLANTICO,8558.0,POLONUEVO,497,203,40.85
2023,ATLANTICO,8560.0,PONEDERA,814,366,44.96
2023,ATLANTICO,8573.0,PUERTO COLOMBIA,903,409,45.29
2023,ATLANTICO,8606.0,REPELON,973,456,46.87
2023,ATLANTICO,8634.0,SABANAGRANDE,1046,524,50.1
2023,ATLANTICO,8638.0,SABANALARGA,2948,1341,45.49
2023,ATLANTICO,8675.0,SANTA LUCIA,480,199,41.46
2023,ATLANTICO,8685.0,SANTO TOMAS,850,409,48.12
2023,ATLANTICO,8758.0,SOLEDAD,20214,10233,50.62
2023,ATLANTICO,8770.0,SUAN,378,135,35.71
2023,ATLANTICO,8832.0,TUBARA,257,145,56.42
2023,ATLANTICO,8849.0,USIACURI,270,118,43.7
2023,VALLE DEL CAUCA,76020.0,ALCALA,151,130,0.86
2023,VALLE DEL CAUCA,76036.0,ANDALUCIA,139,143,1.03
2023,VALLE DEL CAUCA,76041.0,ANSERMANUEVO,200,155,0.78
2023,VALLE DEL CAUCA,76054.0,ARGELIA,60,50,0.83
2023,VALLE DEL CAUCA,76100.0,BOLIVAR,249,243,0.98
2023,VALLE DEL CAUCA,76113.0,BUGALAGRANDE,170,161,0.95
2023,VALLE DEL CAUCA,76122.0,CAICEDONIA,257,205,0.8
2023,VALLE DEL CAUCA,76126.0,CALIMA,186,154,0.83
2023,VALLE DEL CAUCA,76130.0,CANDELARIA,888,746,0.84
2023,VALLE DEL CAUCA,76147.0,CARTAGO,1095,981,0.9
2023,VALLE DEL CAUCA,76233.0,DAGUA,455,376,0.83
2023,VALLE DEL CAUCA,76243.0,EL AGUILA,69,68,0.99
2023,VALLE DEL CAUCA,76246.0,EL CAIRO,64,51,0.8
2023,VALLE DEL CAUCA,76248.0,EL CERRITO,536,433,0.81
2023,VALLE DEL CAUCA,76250.0,EL DOVIO,154,151,0.98
2023,VALLE DEL CAUCA,76275.0,FLORIDA,698,513,0.73
2023,VALLE DEL CAUCA,76306.0,GINEBRA,190,177,0.93
2023,VALLE DEL CAUCA,76318.0,GUACARI,320,285,0.89
2023,VALLE DEL CAUCA,76111.0,GUADALAJARA DE BUGA,1063,969,0.91
2023,VALLE DEL CAUCA,76364.0,JAMUNDI,1506,1342,0.89
2023,VALLE DEL CAUCA,76377.0,LA CUMBRE,113,97,0.86
2023,VALLE DEL CAUCA,76400.0,LA UNION,320,245,0.77
2023,VALLE DEL CAUCA,76403.0,LA VICTORIA,96,90,0.94
2023,VALLE DEL CAUCA,76497.0,OBANDO,157,106,0.68
2023,VALLE DEL CAUCA,76520.0,PALMIRA,2840,2267,0.8
2023,VALLE DEL CAUCA,76563.0,PRADERA,534,432,0.81
2023,VALLE DEL CAUCA,76606.0,RESTREPO,183,149,0.81
2023,VALLE DEL CAUCA,76616.0,RIOFRIO,151,129,0.85
2023,VALLE DEL CAUCA,76622.0,ROLDANILLO,320,311,0.97
2023,VALLE DEL CAUCA,76670.0,SAN PEDRO,125,150,1.2
2023,VALLE DEL CAUCA,76736.0,SEVILLA,359,357,0.99
2023,VALLE DEL CAUCA,76823.0,TORO,107,119,1.11
2023,VALLE DEL CAUCA,76828.0,TRUJILLO,198,165,0.83
2023,VALLE DEL CAUCA,76834.0,TULUA,1946,1511,0.78
2023,VALLE DEL CAUCA,76845.0,ULLOA,40,19,0.48
2023,VALLE DEL CAUCA,76863.0,VERSALLES,71,68,0.96
2023,VALLE DEL CAUCA,76869.0,VIJES,105,88,0.84
2023,VALLE DEL CAUCA,76890.0,YOTOCO,148,137,0.93
2023,VALLE DEL CAUCA,76892.0,YUMBO,1044,853,0.82
2023,VALLE DEL CAUCA,76895.0,ZARZAL,388,334,0.86
